objectid,id,address,terminal_num,lat,long,nbikes,empty_docks
177403757,49,M St & New Jersey Ave SE,31208,38.8763,-77.0037,9,8
177403758,51,Massachusetts Ave & Dupont Circle NW,31200,38.9101,-77.0444,26,18
177403759,52,1st & M St NE,31603,38.9057,-77.0056,8,6
177403760,53,21st & M St NW,31212,38.90534,-77.046774,11,7
177403761,54,17th & K St NW,31213,38.90276,-77.03863,5,18
177403762,55,3rd & H St NW,31604,38.899408,-77.015289,4,10
177403763,56,3rd & D St SE,31605,38.8851,-77.0023,2,9
177403764,57,Potomac & Pennsylvania Ave SE,31606,38.8803,-76.9862,10,4
177403765,58,14th & D St SE,31607,38.884,-76.9861,5,10
177403766,59,17th & Corcoran St NW,31214,38.9121,-77.0387,15,4
177403767,60,Van Ness Metro / UDC,31300,38.944551,-77.063896,9,6
177403768,61,Florida Ave & R St NW,31503,38.9126,-77.0135,2,13
177403769,62,8th & Eye St SE / Barracks Row,31608,38.8792,-76.9953,4,7
177403770,63,Ward Circle / American University,31301,38.938736,-77.087171,3,11
177403771,64,Wisconsin Ave & Newark St NW,31302,38.934881,-77.072755,1,18
177403772,65,14th St Heights / 14th & Crittenden St NW,31402,38.947774,-77.032818,6,5
177403773,66,Anacostia Library,31804,38.865784,-76.9784,4,7
177403774,67,Pennsylvania & Minnesota Ave SE,31805,38.873057,-76.971015,5,5
177403775,68,Eastern Market / 7th & North Carolina Ave SE,31610,38.886952,-76.996806,0,15
177403776,69,14th St & New York Ave NW,31216,38.899632,-77.031686,3,19
177403777,70,Benning Branch Library,31705,38.894,-76.947974,4,4
177403778,71,USDA / 12th & Independence Ave SW,31217,38.887237,-77.02823,17,22
177403779,72,Georgetown Harbor / 30th St NW,31215,38.902221,-77.059219,6,13
177403780,73,12th & Newton St NE,31501,38.933668,-76.991016,4,7
177403781,74,US Dept of State / Virginia Ave & 21st St NW,31220,38.894919,-77.046587,2,13
177403782,75,L'Enfant Plaza / 7th & C St SW,31218,38.886266,-77.022241,13,2
177403783,76,10th St & Constitution Ave NW,31219,38.893028,-77.026013,9,21
177403784,77,Kennedy Center,31211,38.897293,-77.05557,4,15
177403785,78,Eastern Market Metro / Pennsylvania Ave & 7th St SE,31613,38.884,-76.995397,18,1
177403786,79,18th & M St NW,31221,38.905067,-77.041779,7,18
177403787,80,Tenleytown / Wisconsin Ave & Albemarle St NW,31303,38.947607,-77.079382,6,9
177403788,81,13th & H St NE,31611,38.900022,-76.988422,18,8
177403789,82,5th & F St NW,31620,38.897222,-77.019347,25,6
177403790,83,New York Ave & 15th St NW,31222,38.8991,-77.0337,11,8
177403791,84,Convention Center / 7th & M St NW,31223,38.905737,-77.02227,10,13
177403792,85,Harvard St & Adams Mill Rd NW,31112,38.927872,-77.043358,6,9
177403793,86,19th & L St NW,31224,38.903407,-77.043648,6,9
177403794,87,C & O Canal & Wisconsin Ave NW,31225,38.90375,-77.06269,7,16
177403795,88,Maine Ave & 7th St SW,31609,38.878694,-77.023054,18,0
177403796,89,D St & Maryland Ave NE,31612,38.894758,-76.997114,14,8
177403797,90,34th St & Wisconsin Ave NW,31226,38.916442,-77.0682,4,7
177403798,91,13th St & New York Ave NW,31227,38.900283,-77.029822,8,13
177403799,92,8th & H St NW,31228,38.8997,-77.023086,26,7
177403800,93,10th & Monroe St NE,31504,38.932514,-76.992889,1,10
177403801,94,Eckington Pl & Q St NE,31505,38.910972,-77.00495,0,23
177403802,95,6th & H St NE,31615,38.899972,-76.998347,14,9
177403803,96,3rd & H St NE,31616,38.900412,-77.001949,12,7
177403804,97,Bladensburg Rd & Benning Rd NE,31617,38.900413,-76.982872,9,5
177403805,98,4th & East Capitol St NE,31618,38.889955,-77.000349,4,7
177403806,99,Lincoln Park / 13th & East Capitol St NE,31619,38.890461,-76.988355,13,12
177403807,100,Branch & Pennsylvania Ave SE,31701,38.8692,-76.9599,3,8
177403808,101,13th & D St NE,31622,38.894832,-76.987633,23,8
177403809,102,New Hampshire Ave & T St NW,31229,38.91554,-77.03818,9,13
177403810,103,Metro Center / 12th & G St NW,31230,38.898364,-77.027869,1,29
177403811,104,14th & D St NW / Ronald Reagan Building,31231,38.894514,-77.031617,13,12
177403812,105,8th & F St NW,31232,38.896778,-77.022942,16,11
177403813,106,17th & K St NW / Farragut Square,31233,38.902061,-77.038322,18,16
177403814,107,20th & O St NW / Dupont South,31234,38.908905,-77.04478,5,14
177403815,108,4th & D St NW / Judiciary Square,31621,38.895344,-77.016106,1,14
177403816,109,19th St & Constitution Ave NW,31235,38.8923,-77.0436,10,24
177403817,110,37th & O St NW / Georgetown University,31236,38.90774,-77.071652,3,18
177403818,111,11th & H St NE,31614,38.899983,-76.991383,13,6
177403819,112,25th St & Pennsylvania Ave NW,31237,38.903827,-77.053485,11,4
177403820,113,Columbus Circle / Union Station,31623,38.89696,-77.00493,34,18
177403821,114,North Capitol St & F St NW,31624,38.897446,-77.00989,10,12
177403822,115,11th & M St NW,31266,38.905607,-77.027137,6,12
177403823,116,36th & Calvert St NW / Glover Park,31304,38.922581,-77.070334,9,6
177403824,117,14th & G St NW,31238,38.898069,-77.031823,17,5
177403825,118,Potomac Ave & 35th St S,31052,38.844015,-77.050537,16,7
177403826,124,Ohio Dr & West Basin Dr SW / MLK & FDR Memorials,31240,38.88412,-77.04657,11,12
177403827,125,11th & F St NW,31262,38.897857,-77.026975,5,10
177403828,126,23rd & E St NW,31260,38.896104,-77.049882,3,16
177403829,127,Lynn & 19th St North,31014,38.897315,-77.070993,8,22
177403830,128,Rosslyn Metro / Wilson Blvd & Ft Myer Dr,31015,38.8946,-77.072305,15,4
177403831,129,Clarendon Blvd & Pierce St,31016,38.893438,-77.076389,3,12
177403832,130,Wilson Blvd & N Uhle St,31017,38.891696,-77.0846,6,9
177403833,131,N Rhodes & 16th St N,31018,38.892164,-77.079375,5,6
177403834,132,Fairfax Village,31706,38.86559,-76.952103,8,7
177403835,133,21st St & Constitution Ave NW,31261,38.892459,-77.046567,4,10
177403836,134,Wilson Blvd & N Edgewood St,31019,38.889,-77.0925,3,10
177403837,135,Columbia Rd & Belmont St NW,31113,38.920669,-77.04368,8,11
177403838,136,Rhode Island & Connecticut Ave NW,31239,38.905996,-77.039802,4,19
177403839,137,Thomas Circle,31241,38.9059,-77.0325,31,2
177403840,138,Wilson Blvd & Franklin Rd,31020,38.8904,-77.0889,3,7
177403841,139,Clarendon Blvd & N Fillmore St,31021,38.8881,-77.09308,3,12
177403842,140,Clarendon Metro / Wilson Blvd & N Highland St,31022,38.88786,-77.094875,1,15
177403843,141,18th St & Pennsylvania Ave NW,31242,38.89968,-77.041539,4,22
177403844,142,Maryland & Independence Ave SW,31243,38.887299,-77.018939,16,21
177403845,143,4th & E St SW,31244,38.88412,-77.017445,9,10
177403846,144,3rd & G St SE,31625,38.881185,-77.001828,4,14
177403847,145,7th & R St NW / Shaw Library,31245,38.912719,-77.022155,10,4
177403848,146,9th & Upshur St NW,31404,38.9418,-77.0251,6,8
177403849,147,1st & Rhode Island Ave NW,31506,38.915417,-77.012289,2,13
177403850,148,Columbia Rd & Georgia Ave NW,31115,38.928121,-77.023795,0,19
177403851,149,California St & Florida Ave NW,31116,38.917761,-77.04062,9,9
177403852,150,Benning Rd & East Capitol St NE / Benning Rd Metro,31707,38.889935,-76.93723,5,14
177403853,151,3000 Connecticut Ave NW / National Zoo,31307,38.930282,-77.055599,6,9
177403854,152,Anacostia Ave & Benning Rd NE / River Terrace,31708,38.896544,-76.96012,9,5
177403855,153,M St & Pennsylvania Ave NW,31246,38.905126,-77.056887,13,6
177403856,154,15th St & Massachusetts Ave SE,31626,38.88732,-76.983569,8,6
177403857,155,Congress Heights Metro,31806,38.844711,-76.987823,5,10
177403858,156,N Quincy St & Glebe Rd,31035,38.876393,-77.107735,8,3
177403859,157,Barcroft Community Center,31033,38.850337,-77.100989,6,5
177403860,158,N Veitch  & 20th St N,31029,38.896923,-77.086502,2,13
177403861,159,10th & K St NW,31263,38.9024,-77.02622,6,16
177403862,160,Fairfax Dr & Wilson Blvd,31023,38.885801,-77.097745,3,8
177403863,161,Key Blvd & N Quinn St,31027,38.896015,-77.078107,0,11
177403864,162,1st & K St SE,31628,38.87861,-77.006004,3,12
177403865,163,39th & Calvert St NW / Stoddert,31306,38.922649,-77.077271,2,16
177403866,164,1st & Washington Hospital Center NW,31507,38.928743,-77.012457,1,14
177403867,165,Virginia Square Metro / N Monroe St & 9th St N,31024,38.882788,-77.103148,8,10
177403868,166,Central Library / N Quincy St & 10th St N,31025,38.88397,-77.10783,5,6
177403869,167,Washington Blvd & 10th St N,31026,38.884734,-77.093485,3,12
177403870,168,Jefferson Dr & 14th St SW,31247,38.888553,-77.032429,20,0
177403871,169,Smithsonian-National Mall / Jefferson Dr & 12th St SW,31248,38.888767,-77.02858,18,4
177403872,170,George Mason Dr & Wilson Blvd,31036,38.87887,-77.1207,6,9
177403873,171,6th St & Indiana Ave NW,31264,38.894573,-77.01994,9,9
177403874,172,N Veitch & Key Blvd,31028,38.893241,-77.086045,3,8
177403875,173,Lee Hwy & N Adams St,31030,38.89593,-77.089006,8,11
177403876,174,15th & N Scott St,31031,38.89054,-77.08095,5,6
177403877,175,Washington Blvd & 7th St N,31032,38.880834,-77.091129,2,9
177403878,176,Ballston Metro / N Stuart & 9th St N,31037,38.881044,-77.111768,9,13
177403879,177,N Randolph St & Fairfax Dr,31034,38.882629,-77.109366,5,6
177403880,178,Jefferson Memorial,31249,38.879819,-77.037413,6,13
177403881,179,Good Hope Rd & 14th St SE,31803,38.866611,-76.985238,7,8
177403882,180,Glebe Rd & 11th St N,31038,38.883921,-77.116817,1,10
177403883,181,Wilson Blvd & N Quincy St,31039,38.880012,-77.107854,7,8
177403884,182,Fairfax Dr & Kenmore St,31040,38.884616,-77.10108,10,1
177403885,183,Gallaudet / 8th St & Florida Ave NE,31508,38.90509,-76.9941,12,6
177403886,185,20th & L St NW,31250,38.903584,-77.044789,3,16
177403887,186,12th & L St NW,31251,38.903819,-77.0284,2,15
177403888,187,21st St & Pennsylvania Ave NW,31252,38.901539,-77.046564,3,15
177403889,188,19th & K St NW,31253,38.902204,-77.04337,3,19
177403890,189,Prince St & Union St,31041,38.803124,-77.040363,9,9
177403891,190,Market Square / King St & Royal St,31042,38.804718,-77.043363,3,11
177403892,191,Saint Asaph St & Pendleton  St,31043,38.810743,-77.044664,9,6
177403893,192,King St & Patrick St,31044,38.805317,-77.049883,12,3
177403894,193,15th & K St NW,31254,38.902,-77.03353,12,14
177403895,194,Commerce St & Fayette St,31045,38.805648,-77.05293,10,5
177403896,195,Henry St & Pendleton St,31046,38.811456,-77.050276,10,7
177403897,196,Braddock Rd Metro,31047,38.814577,-77.052808,4,24
177403898,197,King St Metro South,31048,38.805767,-77.06072,6,17
177403899,198,24th & N St NW,31255,38.9066,-77.05152,14,0
177403900,199,10th & E St NW,31256,38.895914,-77.026064,12,3
177403901,200,22nd & I St NW / Foggy Bottom,31257,38.90088,-77.048911,2,13
177403902,201,Utah St & 11th St N,31049,38.883669,-77.113905,2,8
177403903,202,Barton St & 10th St N,31050,38.884961,-77.08777,6,4
177403904,203,Arlington Blvd & N Queen St,31051,38.889365,-77.077294,7,3
177403905,204,Lincoln Memorial,31258,38.888251,-77.049426,23,0
177403906,206,20th St & Virginia Ave NW,31259,38.894722,-77.045128,5,10
177403907,207,5th St & Massachusetts Ave NW,31265,38.90093,-77.018677,12,6
177403908,208,39th & Veazey St NW,31308,38.943837,-77.077078,2,12
177403909,209,Fessenden St & Wisconsin Ave NW,31309,38.954812,-77.082426,10,5
177403910,210,M St & Delaware Ave NE,31627,38.905707,-77.003041,17,4
177403911,211,Columbia Pike & S Courthouse Rd,31053,38.863833,-77.080319,2,13
177403912,212,Walter Reed Community Center / Walter Reed Dr & 16th St S,31054,38.857803,-77.086733,9,2
177403913,213,28th St S & S Meade St,31055,38.846222,-77.069275,9,6
177403914,214,18th St & Wyoming Ave NW,31114,38.918809,-77.041571,4,17
177403915,215,5th & Kennedy St NW,31403,38.956556,-77.019814,10,5
177403916,216,Georgia Ave & Emerson St NW,31405,38.949662,-77.027333,11,8
177403917,217,14th & Upshur St NW,31406,38.942016,-77.032652,14,5
177403918,218,14th St & Colorado Ave NW,31407,38.956432,-77.032947,8,11
177403919,219,S Troy St & 26th St S,31056,38.847977,-77.075104,3,8
177403920,220,S Four Mile Run Dr & S Shirlington Rd,31057,38.8444,-77.085931,4,7
177403921,221,S Oakland St & Columbia Pike,31058,38.860789,-77.09586,8,3
177403922,222,S Four Mile Run & Walter Reed Dr,31059,38.84736,-77.095431,8,3
177403923,223,S Arlington Mill Dr & Campbell Ave,31060,38.84232,-77.089555,9,6
177403924,224,S Kenmore & 24th St S,31061,38.848454,-77.084918,5,6
177403925,225,13th St & Eastern Ave,32006,38.987,-77.029417,3,12
177403926,226,Wisconsin Ave & O St NW,31312,38.90849,-77.063586,7,12
177403927,227,S George Mason Dr & 13th St S,31062,38.854691,-77.100555,5,6
177403928,228,Connecticut & Nebraska Ave NW,31310,38.955016,-77.069956,10,13
177403929,229,17th St & Massachusetts Ave NW,31267,38.908142,-77.038359,5,14
177403930,230,15th & Euclid St  NW,31117,38.92333,-77.0352,0,15
177403931,231,8th & East Capitol St NE,31629,38.889988,-76.995193,6,5
177403932,232,New Jersey Ave & R St NW,31509,38.912659,-77.017669,10,5
177403933,233,15th & East Capitol St NE,31630,38.889908,-76.983326,2,9
177403934,234,8th & F St NE,31631,38.897274,-76.994749,9,5
177403935,235,18th St & Rhode Island Ave NE,31510,38.927095,-76.978924,5,10
177403936,236,15th & F St NE,31632,38.897195,-76.983575,8,10
177403937,237,12th & Irving St NE,31511,38.928644,-76.990955,4,11
177403938,239,Alabama & MLK Ave SE,31800,38.843222,-76.999388,4,7
177403939,240,Pleasant St & MLK Ave SE,31807,38.863897,-76.990037,6,5
177403940,241,Neal St & Trinidad Ave NE,31512,38.903732,-76.987211,9,5
177403941,242,12th & U St NW,31268,38.916787,-77.028139,7,24
177403942,243,S George Mason Dr & Four Mile Run,31063,38.852248,-77.105022,5,6
177403943,244,S Stafford & 34th St S,31064,38.834108,-77.087323,8,3
177403944,245,N Pershing Dr & Wayne St,31065,38.880705,-77.08596,8,3
177403945,246,Columbia Pike & S Orme St,31066,38.867262,-77.072315,9,2
177403946,247,3rd St & Pennsylvania Ave SE,31269,38.887378,-77.001955,12,2
177403947,248,8th & D St NW,31270,38.894851,-77.02324,9,6
177403948,249,3rd & Elm St NW,31118,38.917622,-77.01597,7,7
177403949,250,Rhode Island Ave & V St NE,31513,38.918155,-77.004746,0,19
177403950,251,Constitution Ave & 2nd St NW/DOL,31271,38.892275,-77.013917,21,6
177403951,252,Washington & Independence Ave SW/HHS,31272,38.886978,-77.013769,2,28
177403952,253,Independence Ave & L'Enfant Plaza SW/DOE,31633,38.887312,-77.025762,4,11
177403953,254,Hamlin & 7th St NE,31514,38.927497,-76.997194,4,10
177403954,255,Columbia Pike & S Walter Reed Dr,31067,38.862478,-77.086599,6,5
177403955,256,Columbia Pike & S Dinwiddie St / Arlington Mill Community Center,31068,38.856319,-77.11153,12,3
177403956,257,Pershing & N George Mason Dr,31069,38.871822,-77.107906,4,6
177403957,258,Fenton St & New York Ave,32001,38.985404,-77.023082,5,10
177403958,259,Bethesda Ave & Arlington Rd,32002,38.981103,-77.097426,6,13
177403959,260,Montgomery Ave & Waverly St,32003,38.983838,-77.09221,5,6
177403960,261,Fallsgrove Blvd & Fallsgrove Dr,32004,39.096312,-77.192672,3,16
177403961,262,Traville Gateway Dr & Gudelsky Dr,32005,39.093783,-77.202501,7,12
177403962,263,Norfolk Ave & Fairmont St,32000,38.988562,-77.096539,4,6
177403963,264,E Montgomery Ave & Maryland Ave,32007,39.084125,-77.151291,3,12
177403964,265,Cordell & Norfolk Ave,32008,38.98954,-77.098029,8,3
177403965,266,Frederick Ave & Horners Ln,32009,39.094772,-77.145213,6,5
177403966,267,Philadelphia & Maple Ave,32010,38.98128,-77.011336,6,8
177403967,268,Maple & Ritchie Ave,32011,38.983627,-77.006311,5,14
177403968,269,Silver Spring Metro/Colesville Rd & Wayne Ave,32012,38.99521,-77.02918,3,16
177403969,270,Montgomery & East Ln,32013,38.983525,-77.095367,9,2
177403970,271,Friendship Hts Metro/Wisconsin Ave & Wisconsin Cir,32014,38.961763,-77.085998,4,15
177403971,272,14th & Belmont St NW,31119,38.921074,-77.031887,3,11
177403972,273,3rd & Tingey St SE,31634,38.87501,-77.0024,14,5
177403973,274,10th & Florida Ave NW,31120,38.920387,-77.025672,3,16
177403974,275,Potomac Ave & 8th St SE,31635,38.876737,-76.994468,5,10
177403975,276,Crabbs Branch Way & Redland Rd,32015,39.120045,-77.156985,11,4
177403976,277,Fallsgrove Dr & W Montgomery Ave,32016,39.099376,-77.188014,3,12
177403977,278,Monroe St & Monroe Pl,32017,39.083673,-77.149162,10,5
177403978,279,Needwood Rd & Eagles Head Ct,32018,39.123513,-77.15741,6,9
177403979,280,East West Hwy & Blair Mill Rd,32019,38.990249,-77.02935,3,12
177403980,281,Crabbs Branch Way & Calhoun Pl,32020,39.107709,-77.152072,9,6
177403981,282,47th & Elm St,32021,38.982456,-77.091991,6,9
177403982,283,Dennis & Amherst Ave,32022,39.025387,-77.044563,5,10
177403983,284,Montgomery College/W Campus Dr & Mannakee St,32023,39.095661,-77.159048,14,7
177403984,285,Fenton St & Gist Ave,32024,38.989724,-77.023854,3,8
177403985,286,Carroll & Westmoreland Ave,32025,38.975,-77.01121,5,10
177403986,287,Carroll & Ethan Allen Ave,32026,38.977933,-77.006472,7,8
177403987,288,Battery Ln & Trolley Trail,32027,38.992375,-77.100104,11,4
177403988,289,Norfolk & Rugby Ave,32028,38.990639,-77.100239,4,7
177403989,290,Offutt Ln & Chevy Chase Dr,32029,38.977093,-77.094589,5,6
177403990,291,Broschart & Blackwell Rd,32030,39.102099,-77.200322,6,9
177403991,292,Taft St & E Gude Dr,32031,39.094103,-77.132954,11,4
177403992,293,Fleet St & Ritchie Pkwy,32032,39.076331,-77.141378,10,5
177403993,294,Piccard & W Gude Dr,32033,39.102212,-77.177091,13,6
177403994,295,Ripley & Bonifant St,32034,38.992679,-77.029457,4,11
177403995,296,Georgia Ave & Spring St,32035,38.999388,-77.031555,3,7
177403996,297,Fenton St & Ellsworth Dr,32036,38.997033,-77.025608,10,5
177403997,298,King Farm Blvd & Pleasant Dr,32037,39.114688,-77.171487,8,10
177403998,299,King Farm Blvd & Piccard Dr,32038,39.110314,-77.182669,4,11
177403999,301,Calvert St & Woodley Pl NW,31121,38.923583,-77.050046,5,14
177404000,302,New Jersey Ave & N St NW/Dunbar HS,31636,38.90706,-77.015231,4,15
177404001,303,Nannie Helen Burroughs Ave & 49th St NE,31710,38.898536,-76.931862,5,6
177404002,304,Deanwood Rec Center,31711,38.908473,-76.933099,10,5
177404003,305,Hains Point/Buckeye & Ohio Dr SW,31273,38.878433,-77.03023,8,8
177404004,306,Arlington Blvd & Fillmore St,31070,38.873755,-77.089233,9,2
177404005,307,Long Bridge Park/Long Bridge Dr & 6th St S,31071,38.86646,-77.04826,9,2
177404006,308,Old Georgetown Rd & Southwick St,32039,38.999634,-77.109647,9,10
177404007,309,Friendship Blvd & Willard Ave,32040,38.96115,-77.088659,10,9
177404008,310,North Capitol St & G Pl NE,31637,38.899703,-77.008911,2,16
177404009,311,31st & Woodrow St S,31072,38.837666,-77.09482,3,8
177404010,312,Washington Blvd & Walter Reed Dr,31073,38.873219,-77.082104,7,7
177404011,313,TJ Cmty Ctr / 2nd St & S Old Glebe Rd,31074,38.869418,-77.095596,10,4
177404012,314,Connecticut Ave & Tilden St NW,31313,38.941154,-77.062036,9,6
177404013,315,Medical Center Dr & Key West Ave,32041,39.103091,-77.196442,9,6
177404014,316,Shady Grove Hospital,32042,39.097636,-77.196636,5,14
177404015,317,Veterans Pl & Pershing Dr,32043,38.997445,-77.023894,9,2
177404016,318,Rockville Metro East,32044,39.085394,-77.145803,6,7
177404017,319,1st & H St NW,31638,38.900358,-77.012108,10,5
177404018,320,Fort Totten Metro,31515,38.952369,-77.002721,6,13
177404019,321,Takoma Metro,31408,38.975219,-77.016855,8,9
177404020,322,Rhode Island Ave Metro,31516,38.920682,-76.995876,1,18
177404021,323,Rolfe St & 9th St S,31075,38.866471,-77.076131,3,7
177404022,324,Shirlington Transit Center / S Quincy & Randolph St,31076,38.839912,-77.087083,9,6
177404023,325,Shady Grove Metro West,32045,39.119765,-77.166093,6,13
177404024,326,River Rd & Landy Ln,32046,38.964992,-77.103381,10,8
177404025,327,Rockville Metro West,32047,39.084379,-77.146866,6,12
177404026,328,Bethesda Metro,32048,38.984691,-77.094537,3,9
177404027,329,Iwo Jima Memorial/N Meade & 14th St N,31077,38.88992,-77.071301,4,15
177404028,330,34th & Water St NW,31314,38.903663,-77.067668,6,13
177404029,331,Duke St & John Carlyle St,31081,38.804378,-77.060866,2,13
177404030,332,Lee Hwy & N Cleveland St,31079,38.894941,-77.09169,4,11
177404031,333,Arlington Blvd & S George Mason Dr/NFATC,31078,38.869442,-77.104503,4,10
177404032,334,10th & G St NW,31274,38.898243,-77.026235,19,4
177404033,335,Lee Hwy & N Scott St,31080,38.897612,-77.080851,3,11
177404034,336,New Hampshire Ave & 24th St NW,31275,38.901755,-77.051084,9,9
177404035,337,Eisenhower Ave & Mill Race Ln,31082,38.801111,-77.068952,11,4
177404036,338,Potomac Greens Dr & Slaters Ln,31083,38.82175,-77.047494,3,7
177404037,339,Ballenger Ave & Dulaney St,31084,38.802677,-77.063562,8,11
177404038,340,Mount Vernon Ave & E Nelson Ave,31085,38.820064,-77.057619,4,7
177404039,341,Mount Vernon Ave & E Del Ray Ave,31086,38.82595,-77.058541,11,4
177404040,342,Monroe Ave & Leslie Ave,31087,38.820932,-77.053096,13,1
177404041,343,Mount Vernon Ave & Kennedy St,31088,38.833077,-77.059821,10,5
177404042,344,Court House Metro / 15th & N Uhle St,31089,38.890612,-77.084801,5,16
177404043,345,Washington Adventist U / Flower Ave & Division St,32049,38.986743,-77.000035,5,10
177404044,346,6th & S Ball St,31090,38.864702,-77.048672,8,7
177404045,347,McKinley St & Connecticut Ave NW,31315,38.96497,-77.075946,4,15
177404046,348,15th & L St NW,31276,38.90366,-77.034846,1,19
177404047,349,17th & G St NW,31277,38.89841,-77.039624,9,22
177404048,350,Spring St & Second Ave,32050,38.997653,-77.034499,6,9
177404049,351,18th & R St NW,31278,38.912648,-77.041834,13,6
177404050,352,S Joyce & 16th St S,31091,38.859254,-77.063275,7,8
177404051,353,Union Market/6th St & Neal Pl NE,31517,38.908008,-76.996985,7,14
177404052,354,Lee Hwy & N Monroe St,31092,38.896456,-77.104562,6,9
177404053,355,21st St N & N Pierce St,31093,38.898984,-77.078317,4,11
177404054,356,Lee Hwy & N Kirkwood Rd,31094,38.895377,-77.09713,10,5
177404055,357,19th & G St NW,31279,38.898412,-77.043182,0,23
177404056,358,2nd St & Seaton Pl NE,31522,38.914751,-77.00356,6,13
177404057,359,Wilson Blvd & N Illinois St,31902,38.876528,-77.12712,9,6
177404058,364,Army Navy Dr & S Nash St,31095,38.862756,-77.067185,4,6
177404059,365,31st & Water St NW,31293,38.902814,-77.061043,7,10
177404060,367,11th & S St NW,31280,38.913761,-77.027025,20,3
177404061,368,S Walter Reed Dr & 8th St S,31096,38.86612,-77.08787,12,2
177404062,369,2nd & G St NE,31639,38.89967,-77.003666,19,4
177404063,370,8th & O St NW,31281,38.90864,-77.02277,13,5
177404064,371,Georgia & Missouri Ave NW,31411,38.961339,-77.027855,10,9
177404065,373,Oklahoma Ave & D St NE,31712,38.894474,-76.974828,15,4
177404066,374,Maryland Ave & E St NE,31640,38.896134,-76.9929,14,5
177404067,375,New York Ave & Hecht Ave NE,31518,38.915604,-76.983683,16,7
177404068,376,Yuma St & Tenley Circle NW,31316,38.946182,-77.08059,11,8
177404069,377,Connecticut Ave & Chevy Chase Lake Dr,32051,38.994113,-77.076986,11,4
177404070,378,Key West Ave & Siesta Key Way,32052,39.105295,-77.194774,11,4
177404071,379,Lee Hwy & N Woodstock St,31900,38.898301,-77.118009,2,16
177404072,380,Saint Asaph & Madison St,31097,38.812718,-77.044097,6,8
177404073,381,King St Metro North / Cameron St,31098,38.80704,-77.059817,8,7
177404074,382,Madison & N Henry St,31099,38.813485,-77.049468,5,10
177404075,383,Medical Center Metro,32053,38.999378,-77.097882,12,7
177404076,384,Washington Blvd & N Frederick St,31901,38.884829,-77.127671,5,6
177404077,385,Wisconsin Ave & Ingomar St NW,31317,38.958267,-77.084636,3,16
177404078,386,16th & Irving St NW,31122,38.928893,-77.03625,4,15
177404079,387,16th & R St NW,31282,38.912652,-77.036278,7,12
177404080,388,Lyttonsville Rd & Lyttonsville Pl,32054,38.999679,-77.051168,9,6
177404081,389,Woodmont Ave & Strathmore St,32055,38.979875,-77.093522,6,5
177404082,390,14th & L St NW,31283,38.903658,-77.031737,8,11
177404083,391,1st & O St NW,31519,38.908643,-77.012365,1,14
177404084,392,South Capitol & Atlantic St SW,31811,38.831516,-77.008133,8,11
177404085,393,18th & C St NW,31284,38.893511,-77.041544,5,13
177404086,394,22nd & P ST NW,31285,38.909394,-77.048728,15,3
177404087,395,East West Hwy & 16th St,32056,38.995681,-77.038721,11,8
177404088,396,Royal & Wilkes St,31903,38.799267,-77.0447,4,11
177404089,397,14th & Girard St NW,31123,38.925284,-77.032375,9,14
177404090,398,Potomac Ave & Main Line Blvd,31910,38.822738,-77.049265,5,14
177404091,399,11th & O St NW,31286,38.90843,-77.02714,18,1
177404092,400,10th St & L'Enfant Plaza SW,31287,38.884377,-77.025791,7,16
177404093,401,Connecticut Ave & Yuma St NW,31318,38.947156,-77.065115,7,12
177404094,402,2nd St & Massachusetts Ave NE,31641,38.894972,-77.003135,5,17
177404095,403,Radford & Osage St,31908,38.828437,-77.086031,8,15
177404096,404,East Falls Church Metro/Sycamore St & 19th St N,31904,38.884859,-77.155988,5,14
177404097,405,Kennebec St & 11th St N,31905,38.880992,-77.135271,9,6
177404098,406,Commonwealth Ave & Oak St,31906,38.812711,-77.061715,11,7
177404099,407,Commonwealth & E Monroe Ave,31913,38.820058,-77.062821,9,6
177404100,408,4th St & Madison Dr NW,31288,38.890493,-77.017253,9,8
177404101,409,Henry Bacon Dr & Lincoln Memorial Circle NW,31289,38.890544,-77.049379,12,7
177404102,410,17th St & Independence Ave SW,31290,38.888097,-77.038325,3,16
177404103,411,Franklin & S Washington St,31907,38.798133,-77.0487,12,7
177404104,412,Mount Vernon Ave & Four Mile Run Park,31909,38.843422,-77.064016,9,6
177404105,413,New Jersey Ave & L St NW,31642,38.903598,-77.01397,4,19
177404106,414,Mount Vernon Ave & Bruce St,31912,38.841291,-77.063093,8,7
177404107,415,Lee Center,31914,38.797557,-77.053766,6,9
177404108,416,Powhatan St & Bashford Ln,31915,38.818748,-77.047783,12,3
177404109,417,Potomac & Swann Ave,31916,38.829545,-77.047844,13,6
177404110,418,14th & Irving St NW,31124,38.928552,-77.032224,5,26
177404111,419,16th & K St NW,31291,38.90268,-77.035737,4,19
177404112,420,Wisconsin Ave & Brandywine St NW,31319,38.949813,-77.080217,6,19
177404113,421,24th & R St NE / National Arboretum,31520,38.91263,-76.971923,11,8
177404114,422,Division Ave & Foote St NE,31713,38.897407,-76.925907,4,10
177404115,423,16th & Q St SE / Anacostia HS,31812,38.870695,-76.982359,6,16
177404116,424,Spring Hill Metro,32200,38.929261,-77.240654,6,7
177404117,425,Westpark Dr & Leesburg Pike,32201,38.92403,-77.235955,4,6
177404118,427,Tysons One Pl & Chain Bridge Rd,32203,38.919475,-77.221179,5,5
177404119,428,Tysons Corner Station,32204,38.920939,-77.222115,9,2
177404120,429,Westpark & Jones Branch Dr,32205,38.924437,-77.217664,5,6
177404121,430,Jones Branch & Westbranch Dr,32206,38.931911,-77.219261,5,7
177404122,431,Westpark & Park Run Dr,32207,38.928919,-77.225394,6,5
177404123,432,Tysons West Transit Center,32208,38.932636,-77.231825,5,4
177404124,433,North Shore & Cameron Crescent Dr/Crescent Apartments,32209,38.970046,-77.338686,3,8
177404125,434,Town Center Pkwy & Bowman Towne Dr,32210,38.962524,-77.361902,7,6
177404126,435,Reston Regional Library,32211,38.962095,-77.358815,5,10
177404127,436,New Dominion Pkwy & Fountain Dr,32212,38.960574,-77.356324,6,8
177404128,437,Sunset Hills & Old Reston Ave,32213,38.955079,-77.351649,3,12
177404129,438,Reston Town Center Transit Station,32214,38.957037,-77.359718,10,5
177404130,439,1st & D St SE,31643,38.884916,-77.005965,6,12
177404131,440,Reston Station,32215,38.948363,-77.338119,14,19
177404132,441,Library St & Freedom Dr,32216,38.959633,-77.358741,12,7
177404133,442,Sunset Hills Rd & Discovery Square,32217,38.95534,-77.357611,3,12
177404134,443,22nd St & Constitution Ave NW,31292,38.892441,-77.048947,1,22
177404135,444,61st St & Banks Pl NE,31714,38.891805,-76.913563,6,13
177404136,445,Temporary Rd & Old Reston Ave,32218,38.960084,-77.353414,8,7
177404137,446,Reston YMCA,32219,38.955314,-77.368416,13,2
177404138,447,Sunset Hills Rd & Isaac Newton Square,32220,38.951443,-77.34038,8,2
177404139,448,N Lynn St & Fairfax Dr,31917,38.89386,-77.070862,3,11
177404140,449,Georgia Ave & Piney Branch Rd NW,31414,38.967505,-77.027976,12,3
177404141,450,Greensboro & International Dr,32221,38.923083,-77.227417,2,9
177404142,451,Madison & Fairfax St,31918,38.812351,-77.040691,15,0
177404143,452,Sligo Ave & Carroll Ln,32058,38.990874,-77.016311,10,5
177404144,453,15th & W St NW,31125,38.919086,-77.034502,18,1
177404145,454,12th St & Pennsylvania Ave SE,31644,38.882489,-76.990121,15,4
177404146,455,3rd St & Riggs Rd NE,31412,38.957463,-77.002239,8,7
177404147,456,Carlin Springs Rd & N Thomas St,31919,38.876695,-77.112982,7,8
177404148,457,Towers Crescent Dr & Tysons One Pl,32222,38.915246,-77.220157,5,6
177404149,458,6th & K St NE,31645,38.902877,-76.998405,7,11
177404150,459,Pooks Hill Rd & Linden Ave,32057,39.014716,-77.107143,7,8
177404151,460,Takoma Park Rec Center,32059,38.98265,-76.988311,9,6
177404152,461,New Hampshire & Kirklynn Ave,32061,38.988101,-76.988422,6,9
177404153,462,Wheaton Metro/Georgia Ave & Reedie Dr,32062,39.038341,-77.051023,8,11
177404154,463,Amherst Ave & Elkins St,32063,39.044887,-77.047788,6,9
177404155,464,Amherst Ave & Prichard Rd,32064,39.035965,-77.048395,4,10
177404156,465,Grandview & Blueridge Ave,32065,39.043272,-77.053085,8,7
177404157,466,Windham Ln & Amherst Ave,32066,39.032029,-77.04735,9,6
177404158,467,North Shore Dr & Village Rd,32223,38.970412,-77.340787,7,4
177404159,468,Town Center Pkwy & Sunset Hills Rd,32224,38.955171,-77.363094,5,6
177404160,469,3rd & Underwood St NW,31413,38.968834,-77.016258,15,4
177404161,470,18th & Monroe St NE,31521,38.93293,-76.979517,11,8
177404162,471,7th & E St SW,31294,38.88345,-77.021741,8,11
177404163,472,Shady Grove Metro East,32067,39.121327,-77.164969,10,9
177404164,473,Potomac & M St NW,31295,38.905368,-77.065149,6,10
177404165,474,Columbia & Ontario Rd NW,31296,38.924088,-77.040787,9,14
177404166,475,Washington-Lee High School / N Stafford St & Generals Way,31920,38.888282,-77.111066,2,13
177404167,476,Westover Library / Washington Blvd & N McKinley Rd,31921,38.886048,-77.142317,8,7
177404168,477,Columbia Pike & S Taylor St,31923,38.858524,-77.103728,11,4
177404169,478,Columbus Ave & Tribeca St,32068,39.126,-77.1673,4,7
177404170,479,Columbus Ave & Gramercy Blvd,32069,39.12333,-77.16486,7,4
177404171,480,Reston Pkwy & Spectrum Dr,32225,38.964208,-77.35428,10,5
177404172,481,Key West Ave & Great Seneca Hwy,32070,39.105642,-77.20386,5,6
177404173,482,Virginia Ave & 25th St NW,31297,38.8995,-77.054155,7,11
177404174,483,15th & M St NW,31298,38.905424,-77.034674,2,17
177404175,484,11th & Girard St NW,31126,38.925636,-77.027112,1,18
177404176,485,Connecticut Ave & R St NW,31299,38.912644,-77.04564,5,14
177404177,486,Wilson Blvd & N Troy St,31924,38.892556,-77.082089,3,12
177404178,487,Nebraska Ave/AU East Campus,31320,38.936298,-77.087128,3,16
177404179,488,15th St & Constitution Ave NW,31321,38.892244,-77.033234,12,7
177404180,489,22nd & H St NW,31127,38.899104,-77.048946,2,15
177404181,490,23rd & M St NW,31128,38.905303,-77.050264,18,1
177404182,491,Corporate Blvd & Omega Dr,32071,39.106971,-77.192645,4,9
177404183,492,Key West Ave & Diamondback Dr,32072,39.106152,-77.202354,4,7
177404184,493,Alabama Ave & Stanton Rd SE / Shops at Park Village,31813,38.84627,-76.98185,4,15
177404185,494,Mississippi Ave & 19th St SE / THEARC,31814,38.84377,-76.97557,10,9
177404186,495,19th & Savannah St SE,31815,38.84623,-76.97703,5,5
177404187,496,4th St & Mississippi Ave SE,31816,38.836,-77.0009,10,8
177404188,497,1st & S Capitol St SE / Oxon Run Trail,31817,38.824481,-77.005497,7,12
177404189,498,Livingston Rd & 3rd St SE,31818,38.82373,-77.00223,8,7
177404190,499,Joliet St & MLK Ave SW/Bald Eagle Rec Ctr,31819,38.81909,-77.01033,9,9
177404191,500,37th & Ely Pl SE / Fort Dupont Ice Arena,31715,38.883011,-76.949709,7,8
177404192,501,15th St & Pennsylvania Ave NW/Pershing Park,31129,38.89635,-77.03338,12,6
177404193,505,Maine Ave & 9th St SW,31646,38.88044,-77.025236,10,5
177403709,1,Eads St & 15th St S,31000,38.858971,-77.05323,6,9
177403710,2,18th & Eads St.,31001,38.85725,-77.05332,7,4
177403711,3,20th & Crystal Dr,31002,38.856425,-77.049232,12,4
177403712,4,15th & Crystal Dr,31003,38.86017,-77.049593,7,4
177403713,5,Aurora Hills Community Ctr/18th & Hayes St,31004,38.857866,-77.05949,7,4
177403714,6,Pentagon City Metro / 12th & S Hayes St,31005,38.862303,-77.059936,6,12
177403715,7,S Joyce & Army Navy Dr,31006,38.8637,-77.0633,7,8
177403716,8,Crystal City Metro / 18th & Bell St,31007,38.857405,-77.051132,3,16
177403717,9,12th & Army Navy Dr,31008,38.8629,-77.0528,5,5
177403718,10,27th & Crystal Dr,31009,38.848441,-77.051516,8,11
177403719,11,S Glebe & Potomac Ave,31010,38.8426,-77.0502,6,4
177403720,12,23rd & Crystal Dr,31011,38.8533,-77.0498,4,12
177403721,13,26th & S Clark St,31012,38.850688,-77.05152,5,6
177403722,14,19th St & Pennsylvania Ave NW,31100,38.9003,-77.0429,4,11
177403723,15,14th & V St NW,31101,38.9176,-77.0321,24,3
177403724,16,11th & Kenyon St NW,31102,38.929464,-77.027822,1,24
177403725,17,16th & Harvard St NW,31103,38.926088,-77.036536,10,23
177403726,18,Adams Mill & Columbia Rd NW,31104,38.922925,-77.042581,0,15
177403727,19,14th & Harvard St NW,31105,38.9268,-77.0322,4,14
177403728,20,Calvert & Biltmore St NW,31106,38.923203,-77.047637,7,16
177403729,21,Lamont & Mt Pleasant NW,31107,38.9319,-77.0388,11,8
177403730,22,4th & M St SW,31108,38.8767,-77.0178,12,10
177403731,23,15th & P St NW,31201,38.90985,-77.034438,3,15
177403732,24,14th & R St NW,31202,38.912939,-77.032085,9,10
177403733,25,14th & Rhode Island Ave NW,31203,38.9086,-77.0323,22,1
177403734,26,20th & E St NW,31204,38.8963,-77.045,2,13
177403735,27,21st & I St NW,31205,38.9008,-77.047,10,25
177403736,28,Georgia & New Hampshire Ave NW,31400,38.936043,-77.024649,3,12
177403737,29,14th St & Spring Rd NW,31401,38.9375,-77.0328,7,4
177403738,30,John McCormack Dr & Michigan Ave NE,31502,38.9346,-76.9955,6,4
177403739,31,5th & K St NW,31600,38.90304,-77.019027,9,9
177403740,32,19th & East Capitol St SE,31601,38.8896,-76.9769,3,9
177403741,33,Park Rd & Holmead Pl NW,31602,38.9308,-77.0315,2,17
177403742,34,Good Hope & Naylor Rd SE,31700,38.8601,-76.9672,6,5
177403743,35,Connecticut Ave & Newark St NW / Cleveland Park,31305,38.934267,-77.057979,2,9
177403744,36,Randle Circle & Minnesota Ave SE,31702,38.878,-76.9607,8,2
177403745,37,Minnesota Ave Metro/DOES,31703,38.897063,-76.947446,5,10
177403746,38,Nannie Helen Burroughs & Minnesota Ave NE,31704,38.901385,-76.941877,4,7
177403747,39,Anacostia Metro,31801,38.862669,-76.994637,6,5
177403748,40,Good Hope Rd & MLK Ave SE,31802,38.867373,-76.988039,1,10
177403749,41,19th & E Street NW,31206,38.8952,-77.0436,4,7
177403750,42,4th & W St NE,31500,38.919077,-77.000648,4,11
177403751,43,10th & U St NW,31111,38.9172,-77.0259,9,6
177403752,44,Georgia Ave and Fairmont St NW,31207,38.9249,-77.0222,2,9
177403753,45,1st & N St  SE,31209,38.8743,-77.0057,15,24
177403754,46,20th St & Florida Ave NW,31110,38.9154,-77.0446,12,3
177403755,47,7th & T St NW,31109,38.9155,-77.0222,2,13
177403756,48,Eads & 22nd St S,31013,38.854381,-77.053412,13,1
